"","xvar","yvar","corr"
"1","DDpre","DDpre",1
"2","DDpre","DDegg",0.826640829210893
"3","DDpre","DDlarv",0.866390044361639
"4","DDpre","DDpjuv",0.698460297293701
"5","DDpre","DDben",0.318784366319759
"6","DDpre","Tcop",0.313347730936526
"7","DDpre","Tpart",0.88168000708705
"8","DDpre","MLDpart",0.642895079380659
"9","DDpre","MLDlarv",0.568608397721539
"10","DDpre","MLDpjuv",0.0677770248335996
"11","DDpre","CSTlarv",-0.320710022718099
"12","DDpre","CSTpjuv",-0.162401861763367
"13","DDpre","LSTlarv",0.406077445015834
"14","DDpre","LSTpjuv",0.123813038005827
"15","DDpre","HCIlarv",-0.746949110265016
"16","DDpre","HCIpjuv",-0.543795040943212
"17","DDpre","ONIpre",0.614731827099757
"18","DDpre","ONIlarv",0.652679121129883
"19","DDpre","ONIpjuv",0.205885662811477
"20","DDpre","PDOlarv",0.724362184701111
"21","DDpre","PDOpjuv",0.424840920610403
"22","DDpre","CutiSTI",0.226239276433523
"23","DDpre","CutiTUMI",0.0580203424501789
"24","DDpre","BeutiTUMI",-0.220563718872761
"25","DDpre","BeutiSTI",0.201413385128733
"26","DDegg","DDpre",0.826640829210893
"27","DDegg","DDegg",1
"28","DDegg","DDlarv",0.630775521020128
"29","DDegg","DDpjuv",0.413927078042995
"30","DDegg","DDben",0.159779718313338
"31","DDegg","Tcop",0.224871538629027
"32","DDegg","Tpart",0.661318702454816
"33","DDegg","MLDpart",0.526298067992708
"34","DDegg","MLDlarv",0.508178080519428
"35","DDegg","MLDpjuv",0.154176109872052
"36","DDegg","CSTlarv",-0.0680057888498597
"37","DDegg","CSTpjuv",-0.0503600403682736
"38","DDegg","LSTlarv",0.206003008563757
"39","DDegg","LSTpjuv",-0.0434043227996142
"40","DDegg","HCIlarv",-0.504510687238467
"41","DDegg","HCIpjuv",-0.340032519457942
"42","DDegg","ONIpre",0.389367623798719
"43","DDegg","ONIlarv",0.413701528611518
"44","DDegg","ONIpjuv",0.17019071549859
"45","DDegg","PDOlarv",0.537280798222322
"46","DDegg","PDOpjuv",0.24046351482148
"47","DDegg","CutiSTI",0.126458212589915
"48","DDegg","CutiTUMI",0.12783227596769
"49","DDegg","BeutiTUMI",-0.0359296176767864
"50","DDegg","BeutiSTI",0.147693874199526
"51","DDlarv","DDpre",0.866390044361639
"52","DDlarv","DDegg",0.630775521020128
"53","DDlarv","DDlarv",1
"54","DDlarv","DDpjuv",0.747843602428964
"55","DDlarv","DDben",0.32254990427581
"56","DDlarv","Tcop",0.29602271487204
"57","DDlarv","Tpart",0.978443388288807
"58","DDlarv","MLDpart",0.556296445373422
"59","DDlarv","MLDlarv",0.460503610825679
"60","DDlarv","MLDpjuv",0.11840064162278
"61","DDlarv","CSTlarv",-0.166087252288712
"62","DDlarv","CSTpjuv",-0.0108868389185818
"63","DDlarv","LSTlarv",0.404733685183073
"64","DDlarv","LSTpjuv",-0.0169952745562012
"65","DDlarv","HCIlarv",-0.946707637295322
"66","DDlarv","HCIpjuv",-0.569402018061545
"67","DDlarv","ONIpre",0.736929500241836
"68","DDlarv","ONIlarv",0.762048868034812
"69","DDlarv","ONIpjuv",0.285449599190005
"70","DDlarv","PDOlarv",0.904141867903986
"71","DDlarv","PDOpjuv",0.651590358572734
"72","DDlarv","CutiSTI",0.3899293095457
"73","DDlarv","CutiTUMI",-0.0574671066245579
"74","DDlarv","BeutiTUMI",-0.47069722845083
"75","DDlarv","BeutiSTI",0.30944665798199
"76","DDpjuv","DDpre",0.698460297293701
"77","DDpjuv","DDegg",0.413927078042995
"78","DDpjuv","DDlarv",0.747843602428964
"79","DDpjuv","DDpjuv",1
"80","DDpjuv","DDben",0.506743417483231
"81","DDpjuv","Tcop",0.599958693918008
"82","DDpjuv","Tpart",0.782547388964622
"83","DDpjuv","MLDpart",0.359432031844536
"84","DDpjuv","MLDlarv",0.224156493979958
"85","DDpjuv","MLDpjuv",-0.0959065351262056
"86","DDpjuv","CSTlarv",-0.356615500284154
"87","DDpjuv","CSTpjuv",-0.128216258794958
"88","DDpjuv","LSTlarv",0.3011577940077
"89","DDpjuv","LSTpjuv",0.309634437463236
"90","DDpjuv","HCIlarv",-0.773433602955148
"91","DDpjuv","HCIpjuv",-0.866314352969651
"92","DDpjuv","ONIpre",0.6050882644628
"93","DDpjuv","ONIlarv",0.64848862529573
"94","DDpjuv","ONIpjuv",0.475731204650285
"95","DDpjuv","PDOlarv",0.680807329570154
"96","DDpjuv","PDOpjuv",0.726409147040757
"97","DDpjuv","CutiSTI",0.4588190961951
"98","DDpjuv","CutiTUMI",-0.201134804602958
"99","DDpjuv","BeutiTUMI",-0.611001144012786
"100","DDpjuv","BeutiSTI",0.346438448419543
"101","DDben","DDpre",0.318784366319759
"102","DDben","DDegg",0.159779718313338
"103","DDben","DDlarv",0.32254990427581
"104","DDben","DDpjuv",0.506743417483231
"105","DDben","DDben",1
"106","DDben","Tcop",0.792735564712917
"107","DDben","Tpart",0.295760397455225
"108","DDben","MLDpart",-0.105655011638135
"109","DDben","MLDlarv",-0.076359539630487
"110","DDben","MLDpjuv",-0.292473936497405
"111","DDben","CSTlarv",-0.120468078355985
"112","DDben","CSTpjuv",-0.361914299111893
"113","DDben","LSTlarv",0.0435227504741426
"114","DDben","LSTpjuv",0.360124090250951
"115","DDben","HCIlarv",-0.325905661781714
"116","DDben","HCIpjuv",-0.59325100159803
"117","DDben","ONIpre",0.259134143188219
"118","DDben","ONIlarv",0.314504580748432
"119","DDben","ONIpjuv",0.629307381404848
"120","DDben","PDOlarv",0.375287104203908
"121","DDben","PDOpjuv",0.577522967569396
"122","DDben","CutiSTI",0.236842939035374
"123","DDben","CutiTUMI",-0.324168603376636
"124","DDben","BeutiTUMI",-0.22592985489974
"125","DDben","BeutiSTI",0.170746667528862
"126","Tcop","DDpre",0.313347730936526
"127","Tcop","DDegg",0.224871538629027
"128","Tcop","DDlarv",0.29602271487204
"129","Tcop","DDpjuv",0.599958693918008
"130","Tcop","DDben",0.792735564712917
"131","Tcop","Tcop",1
"132","Tcop","Tpart",0.295251453414485
"133","Tcop","MLDpart",-0.0788324251154992
"134","Tcop","MLDlarv",-0.0637139466376128
"135","Tcop","MLDpjuv",-0.441953533842976
"136","Tcop","CSTlarv",-0.111860638122739
"137","Tcop","CSTpjuv",-0.328364412150687
"138","Tcop","LSTlarv",-0.0776989877775415
"139","Tcop","LSTpjuv",0.476003539297305
"140","Tcop","HCIlarv",-0.340049500067084
"141","Tcop","HCIpjuv",-0.696051545394713
"142","Tcop","ONIpre",0.230667435497981
"143","Tcop","ONIlarv",0.260156442358864
"144","Tcop","ONIpjuv",0.544330544725844
"145","Tcop","PDOlarv",0.278273886418929
"146","Tcop","PDOpjuv",0.515579605993412
"147","Tcop","CutiSTI",0.0971440482127168
"148","Tcop","CutiTUMI",-0.454078708707888
"149","Tcop","BeutiTUMI",-0.340858868548576
"150","Tcop","BeutiSTI",0.00747095993793224
"151","Tpart","DDpre",0.88168000708705
"152","Tpart","DDegg",0.661318702454816
"153","Tpart","DDlarv",0.978443388288807
"154","Tpart","DDpjuv",0.782547388964622
"155","Tpart","DDben",0.295760397455225
"156","Tpart","Tcop",0.295251453414485
"157","Tpart","Tpart",1
"158","Tpart","MLDpart",0.564823546248703
"159","Tpart","MLDlarv",0.440986152230653
"160","Tpart","MLDpjuv",0.087715993835879
"161","Tpart","CSTlarv",-0.218684042144837
"162","Tpart","CSTpjuv",-0.0630293373985927
"163","Tpart","LSTlarv",0.358024487016852
"164","Tpart","LSTpjuv",0.0417949212386758
"165","Tpart","HCIlarv",-0.954776242869748
"166","Tpart","HCIpjuv",-0.618617966583955
"167","Tpart","ONIpre",0.715123106336895
"168","Tpart","ONIlarv",0.742179913214482
"169","Tpart","ONIpjuv",0.308369456008037
"170","Tpart","PDOlarv",0.899061070276382
"171","Tpart","PDOpjuv",0.655131681622728
"172","Tpart","CutiSTI",0.409281699601285
"173","Tpart","CutiTUMI",0.0227373416709741
"174","Tpart","BeutiTUMI",-0.463493952199022
"175","Tpart","BeutiSTI",0.355734796555805
"176","MLDpart","DDpre",0.642895079380659
"177","MLDpart","DDegg",0.526298067992708
"178","MLDpart","DDlarv",0.556296445373422
"179","MLDpart","DDpjuv",0.359432031844536
"180","MLDpart","DDben",-0.105655011638135
"181","MLDpart","Tcop",-0.0788324251154992
"182","MLDpart","Tpart",0.564823546248703
"183","MLDpart","MLDpart",1
"184","MLDpart","MLDlarv",0.927276092972883
"185","MLDpart","MLDpjuv",0.302717900181898
"186","MLDpart","CSTlarv",0.0180103361088152
"187","MLDpart","CSTpjuv",0.187338525897016
"188","MLDpart","LSTlarv",0.511145914806733
"189","MLDpart","LSTpjuv",-0.190749741498083
"190","MLDpart","HCIlarv",-0.427572443953738
"191","MLDpart","HCIpjuv",-0.112827751229344
"192","MLDpart","ONIpre",0.478748745449522
"193","MLDpart","ONIlarv",0.470548694048479
"194","MLDpart","ONIpjuv",-0.180914301380484
"195","MLDpart","PDOlarv",0.536244441386494
"196","MLDpart","PDOpjuv",0.101473326681362
"197","MLDpart","CutiSTI",0.117460210443574
"198","MLDpart","CutiTUMI",0.0643154469787174
"199","MLDpart","BeutiTUMI",-0.280122671390451
"200","MLDpart","BeutiSTI",0.171059277253794
"201","MLDlarv","DDpre",0.568608397721539
"202","MLDlarv","DDegg",0.508178080519428
"203","MLDlarv","DDlarv",0.460503610825679
"204","MLDlarv","DDpjuv",0.224156493979958
"205","MLDlarv","DDben",-0.076359539630487
"206","MLDlarv","Tcop",-0.0637139466376128
"207","MLDlarv","Tpart",0.440986152230653
"208","MLDlarv","MLDpart",0.927276092972883
"209","MLDlarv","MLDlarv",1
"210","MLDlarv","MLDpjuv",0.293264917950779
"211","MLDlarv","CSTlarv",0.0756496410197126
"212","MLDlarv","CSTpjuv",0.166966036253536
"213","MLDlarv","LSTlarv",0.639594991415206
"214","MLDlarv","LSTpjuv",-0.231239528181801
"215","MLDlarv","HCIlarv",-0.291705396530728
"216","MLDlarv","HCIpjuv",-0.00209604241787304
"217","MLDlarv","ONIpre",0.352343415844232
"218","MLDlarv","ONIlarv",0.336957372571113
"219","MLDlarv","ONIpjuv",-0.279989091590148
"220","MLDlarv","PDOlarv",0.422871275854195
"221","MLDlarv","PDOpjuv",-0.0278546381407484
"222","MLDlarv","CutiSTI",0.119862963499733
"223","MLDlarv","CutiTUMI",0.012324672875353
"224","MLDlarv","BeutiTUMI",-0.223401697838096
"225","MLDlarv","BeutiSTI",0.172321680214457
"226","MLDpjuv","DDpre",0.0677770248335996
"227","MLDpjuv","DDegg",0.154176109872052
"228","MLDpjuv","DDlarv",0.11840064162278
"229","MLDpjuv","DDpjuv",-0.0959065351262056
"230","MLDpjuv","DDben",-0.292473936497405
"231","MLDpjuv","Tcop",-0.441953533842976
"232","MLDpjuv","Tpart",0.087715993835879
"233","MLDpjuv","MLDpart",0.302717900181898
"234","MLDpjuv","MLDlarv",0.293264917950779
"235","MLDpjuv","MLDpjuv",1
"236","MLDpjuv","CSTlarv",0.234815714620524
"237","MLDpjuv","CSTpjuv",0.469368133477106
"238","MLDpjuv","LSTlarv",0.307002859890184
"239","MLDpjuv","LSTpjuv",-0.476001230031641
"240","MLDpjuv","HCIlarv",-0.0944498197640799
"241","MLDpjuv","HCIpjuv",0.354635737627982
"242","MLDpjuv","ONIpre",-0.0622988770860279
"243","MLDpjuv","ONIlarv",-0.027501019308171
"244","MLDpjuv","ONIpjuv",-0.250631315032117
"245","MLDpjuv","PDOlarv",0.149901163261703
"246","MLDpjuv","PDOpjuv",-0.0774369881591652
"247","MLDpjuv","CutiSTI",0.396920299717226
"248","MLDpjuv","CutiTUMI",0.103096337397871
"249","MLDpjuv","BeutiTUMI",-0.0217246162685196
"250","MLDpjuv","BeutiSTI",0.338646887029832
"251","CSTlarv","DDpre",-0.320710022718099
"252","CSTlarv","DDegg",-0.0680057888498597
"253","CSTlarv","DDlarv",-0.166087252288712
"254","CSTlarv","DDpjuv",-0.356615500284154
"255","CSTlarv","DDben",-0.120468078355985
"256","CSTlarv","Tcop",-0.111860638122739
"257","CSTlarv","Tpart",-0.218684042144837
"258","CSTlarv","MLDpart",0.0180103361088152
"259","CSTlarv","MLDlarv",0.0756496410197126
"260","CSTlarv","MLDpjuv",0.234815714620524
"261","CSTlarv","CSTlarv",1
"262","CSTlarv","CSTpjuv",0.645125667756863
"263","CSTlarv","LSTlarv",-0.322489762603343
"264","CSTlarv","LSTpjuv",-0.688301693596779
"265","CSTlarv","HCIlarv",0.129022116973334
"266","CSTlarv","HCIpjuv",0.195508148815818
"267","CSTlarv","ONIpre",-0.259202390771301
"268","CSTlarv","ONIlarv",-0.326061748395623
"269","CSTlarv","ONIpjuv",-0.0603282566584929
"270","CSTlarv","PDOlarv",0.0435403834624127
"271","CSTlarv","PDOpjuv",0.102260885313117
"272","CSTlarv","CutiSTI",0.14610534083398
"273","CSTlarv","CutiTUMI",-0.18634527870663
"274","CSTlarv","BeutiTUMI",-0.29340350627604
"275","CSTlarv","BeutiSTI",0.10445161287949
"276","CSTpjuv","DDpre",-0.162401861763367
"277","CSTpjuv","DDegg",-0.0503600403682736
"278","CSTpjuv","DDlarv",-0.0108868389185818
"279","CSTpjuv","DDpjuv",-0.128216258794958
"280","CSTpjuv","DDben",-0.361914299111893
"281","CSTpjuv","Tcop",-0.328364412150687
"282","CSTpjuv","Tpart",-0.0630293373985927
"283","CSTpjuv","MLDpart",0.187338525897016
"284","CSTpjuv","MLDlarv",0.166966036253536
"285","CSTpjuv","MLDpjuv",0.469368133477106
"286","CSTpjuv","CSTlarv",0.645125667756863
"287","CSTpjuv","CSTpjuv",1
"288","CSTpjuv","LSTlarv",-0.00452400946706636
"289","CSTpjuv","LSTpjuv",-0.85823199640336
"290","CSTpjuv","HCIlarv",0.0043540638962379
"291","CSTpjuv","HCIpjuv",0.172579835783035
"292","CSTpjuv","ONIpre",-0.127025103077873
"293","CSTpjuv","ONIlarv",-0.132303581871032
"294","CSTpjuv","ONIpjuv",-0.185404164109968
"295","CSTpjuv","PDOlarv",0.0508220861805331
"296","CSTpjuv","PDOpjuv",0.0542124169213964
"297","CSTpjuv","CutiSTI",0.138578064050073
"298","CSTpjuv","CutiTUMI",-0.290524860906725
"299","CSTpjuv","BeutiTUMI",-0.452842675783862
"300","CSTpjuv","BeutiSTI",0.0828249207841948
"301","LSTlarv","DDpre",0.406077445015834
"302","LSTlarv","DDegg",0.206003008563757
"303","LSTlarv","DDlarv",0.404733685183073
"304","LSTlarv","DDpjuv",0.3011577940077
"305","LSTlarv","DDben",0.0435227504741426
"306","LSTlarv","Tcop",-0.0776989877775415
"307","LSTlarv","Tpart",0.358024487016852
"308","LSTlarv","MLDpart",0.511145914806733
"309","LSTlarv","MLDlarv",0.639594991415206
"310","LSTlarv","MLDpjuv",0.307002859890184
"311","LSTlarv","CSTlarv",-0.322489762603343
"312","LSTlarv","CSTpjuv",-0.00452400946706636
"313","LSTlarv","LSTlarv",1
"314","LSTlarv","LSTpjuv",-0.0413943606388241
"315","LSTlarv","HCIlarv",-0.257738743782598
"316","LSTlarv","HCIpjuv",-0.0481760215755434
"317","LSTlarv","ONIpre",0.293885701327329
"318","LSTlarv","ONIlarv",0.357856195355636
"319","LSTlarv","ONIpjuv",-0.198963040981574
"320","LSTlarv","PDOlarv",0.26002508886507
"321","LSTlarv","PDOpjuv",0.038931317658984
"322","LSTlarv","CutiSTI",0.365269065984264
"323","LSTlarv","CutiTUMI",-0.0749149484935235
"324","LSTlarv","BeutiTUMI",-0.212488728678171
"325","LSTlarv","BeutiSTI",0.381504201198017
"326","LSTpjuv","DDpre",0.123813038005827
"327","LSTpjuv","DDegg",-0.0434043227996142
"328","LSTpjuv","DDlarv",-0.0169952745562012
"329","LSTpjuv","DDpjuv",0.309634437463236
"330","LSTpjuv","DDben",0.360124090250951
"331","LSTpjuv","Tcop",0.476003539297305
"332","LSTpjuv","Tpart",0.0417949212386758
"333","LSTpjuv","MLDpart",-0.190749741498083
"334","LSTpjuv","MLDlarv",-0.231239528181801
"335","LSTpjuv","MLDpjuv",-0.476001230031641
"336","LSTpjuv","CSTlarv",-0.688301693596779
"337","LSTpjuv","CSTpjuv",-0.85823199640336
"338","LSTpjuv","LSTlarv",-0.0413943606388241
"339","LSTpjuv","LSTpjuv",1
"340","LSTpjuv","HCIlarv",0.00161495990027996
"341","LSTpjuv","HCIpjuv",-0.309760365483637
"342","LSTpjuv","ONIpre",0.107566887360963
"343","LSTpjuv","ONIlarv",0.109699294101451
"344","LSTpjuv","ONIpjuv",0.214862541280926
"345","LSTpjuv","PDOlarv",-0.136552916127184
"346","LSTpjuv","PDOpjuv",0.0164603661744146
"347","LSTpjuv","CutiSTI",-0.15571376320581
"348","LSTpjuv","CutiTUMI",0.0656407196247778
"349","LSTpjuv","BeutiTUMI",0.221364882132252
"350","LSTpjuv","BeutiSTI",-0.162231556526319
"351","HCIlarv","DDpre",-0.746949110265016
"352","HCIlarv","DDegg",-0.504510687238467
"353","HCIlarv","DDlarv",-0.946707637295322
"354","HCIlarv","DDpjuv",-0.773433602955148
"355","HCIlarv","DDben",-0.325905661781714
"356","HCIlarv","Tcop",-0.340049500067084
"357","HCIlarv","Tpart",-0.954776242869748
"358","HCIlarv","MLDpart",-0.427572443953738
"359","HCIlarv","MLDlarv",-0.291705396530728
"360","HCIlarv","MLDpjuv",-0.0944498197640799
"361","HCIlarv","CSTlarv",0.129022116973334
"362","HCIlarv","CSTpjuv",0.0043540638962379
"363","HCIlarv","LSTlarv",-0.257738743782598
"364","HCIlarv","LSTpjuv",0.00161495990027996
"365","HCIlarv","HCIlarv",1
"366","HCIlarv","HCIpjuv",0.646246990811085
"367","HCIlarv","ONIpre",-0.687895823609178
"368","HCIlarv","ONIlarv",-0.714805150319007
"369","HCIlarv","ONIpjuv",-0.351570905201035
"370","HCIlarv","PDOlarv",-0.90800428210302
"371","HCIlarv","PDOpjuv",-0.720036726613881
"372","HCIlarv","CutiSTI",-0.468737591952393
"373","HCIlarv","CutiTUMI",0.0659289229462124
"374","HCIlarv","BeutiTUMI",0.54722937399742
"375","HCIlarv","BeutiSTI",-0.399634528780672
"376","HCIpjuv","DDpre",-0.543795040943212
"377","HCIpjuv","DDegg",-0.340032519457942
"378","HCIpjuv","DDlarv",-0.569402018061545
"379","HCIpjuv","DDpjuv",-0.866314352969651
"380","HCIpjuv","DDben",-0.59325100159803
"381","HCIpjuv","Tcop",-0.696051545394713
"382","HCIpjuv","Tpart",-0.618617966583955
"383","HCIpjuv","MLDpart",-0.112827751229344
"384","HCIpjuv","MLDlarv",-0.00209604241787304
"385","HCIpjuv","MLDpjuv",0.354635737627982
"386","HCIpjuv","CSTlarv",0.195508148815818
"387","HCIpjuv","CSTpjuv",0.172579835783035
"388","HCIpjuv","LSTlarv",-0.0481760215755434
"389","HCIpjuv","LSTpjuv",-0.309760365483637
"390","HCIpjuv","HCIlarv",0.646246990811085
"391","HCIpjuv","HCIpjuv",1
"392","HCIpjuv","ONIpre",-0.476799737639535
"393","HCIpjuv","ONIlarv",-0.486526485219245
"394","HCIpjuv","ONIpjuv",-0.556875775561226
"395","HCIpjuv","PDOlarv",-0.561005772720874
"396","HCIpjuv","PDOpjuv",-0.72578534474376
"397","HCIpjuv","CutiSTI",-0.354124793633024
"398","HCIpjuv","CutiTUMI",0.150641980148266
"399","HCIpjuv","BeutiTUMI",0.618021221255518
"400","HCIpjuv","BeutiSTI",-0.265571131069519
"401","ONIpre","DDpre",0.614731827099757
"402","ONIpre","DDegg",0.389367623798719
"403","ONIpre","DDlarv",0.736929500241836
"404","ONIpre","DDpjuv",0.6050882644628
"405","ONIpre","DDben",0.259134143188219
"406","ONIpre","Tcop",0.230667435497981
"407","ONIpre","Tpart",0.715123106336895
"408","ONIpre","MLDpart",0.478748745449522
"409","ONIpre","MLDlarv",0.352343415844232
"410","ONIpre","MLDpjuv",-0.0622988770860279
"411","ONIpre","CSTlarv",-0.259202390771301
"412","ONIpre","CSTpjuv",-0.127025103077873
"413","ONIpre","LSTlarv",0.293885701327329
"414","ONIpre","LSTpjuv",0.107566887360963
"415","ONIpre","HCIlarv",-0.687895823609178
"416","ONIpre","HCIpjuv",-0.476799737639535
"417","ONIpre","ONIpre",1
"418","ONIpre","ONIlarv",0.975860416039675
"419","ONIpre","ONIpjuv",0.29268641281114
"420","ONIpre","PDOlarv",0.702171775375501
"421","ONIpre","PDOpjuv",0.537033154744345
"422","ONIpre","CutiSTI",0.125412808720624
"423","ONIpre","CutiTUMI",-0.0481505592848666
"424","ONIpre","BeutiTUMI",-0.340969128032685
"425","ONIpre","BeutiSTI",0.0713681039560417
"426","ONIlarv","DDpre",0.652679121129883
"427","ONIlarv","DDegg",0.413701528611518
"428","ONIlarv","DDlarv",0.762048868034812
"429","ONIlarv","DDpjuv",0.64848862529573
"430","ONIlarv","DDben",0.314504580748432
"431","ONIlarv","Tcop",0.260156442358864
"432","ONIlarv","Tpart",0.742179913214482
"433","ONIlarv","MLDpart",0.470548694048479
"434","ONIlarv","MLDlarv",0.336957372571113
"435","ONIlarv","MLDpjuv",-0.027501019308171
"436","ONIlarv","CSTlarv",-0.326061748395623
"437","ONIlarv","CSTpjuv",-0.132303581871032
"438","ONIlarv","LSTlarv",0.357856195355636
"439","ONIlarv","LSTpjuv",0.109699294101451
"440","ONIlarv","HCIlarv",-0.714805150319007
"441","ONIlarv","HCIpjuv",-0.486526485219245
"442","ONIlarv","ONIpre",0.975860416039675
"443","ONIlarv","ONIlarv",1
"444","ONIlarv","ONIpjuv",0.365051243821657
"445","ONIlarv","PDOlarv",0.714252835533561
"446","ONIlarv","PDOpjuv",0.550466049188566
"447","ONIlarv","CutiSTI",0.167278787868743
"448","ONIlarv","CutiTUMI",-0.0818233802550078
"449","ONIlarv","BeutiTUMI",-0.331752519211666
"450","ONIlarv","BeutiSTI",0.112781377850514
"451","ONIpjuv","DDpre",0.205885662811477
"452","ONIpjuv","DDegg",0.17019071549859
"453","ONIpjuv","DDlarv",0.285449599190005
"454","ONIpjuv","DDpjuv",0.475731204650285
"455","ONIpjuv","DDben",0.629307381404848
"456","ONIpjuv","Tcop",0.544330544725844
"457","ONIpjuv","Tpart",0.308369456008037
"458","ONIpjuv","MLDpart",-0.180914301380484
"459","ONIpjuv","MLDlarv",-0.279989091590148
"460","ONIpjuv","MLDpjuv",-0.250631315032117
"461","ONIpjuv","CSTlarv",-0.0603282566584929
"462","ONIpjuv","CSTpjuv",-0.185404164109968
"463","ONIpjuv","LSTlarv",-0.198963040981574
"464","ONIpjuv","LSTpjuv",0.214862541280926
"465","ONIpjuv","HCIlarv",-0.351570905201035
"466","ONIpjuv","HCIpjuv",-0.556875775561226
"467","ONIpjuv","ONIpre",0.29268641281114
"468","ONIpjuv","ONIlarv",0.365051243821657
"469","ONIpjuv","ONIpjuv",1
"470","ONIpjuv","PDOlarv",0.365739183813063
"471","ONIpjuv","PDOpjuv",0.643037511089817
"472","ONIpjuv","CutiSTI",0.183766949821597
"473","ONIpjuv","CutiTUMI",-0.0348952174743801
"474","ONIpjuv","BeutiTUMI",-0.20481976389997
"475","ONIpjuv","BeutiSTI",0.0764747791963221
"476","PDOlarv","DDpre",0.724362184701111
"477","PDOlarv","DDegg",0.537280798222322
"478","PDOlarv","DDlarv",0.904141867903986
"479","PDOlarv","DDpjuv",0.680807329570154
"480","PDOlarv","DDben",0.375287104203908
"481","PDOlarv","Tcop",0.278273886418929
"482","PDOlarv","Tpart",0.899061070276382
"483","PDOlarv","MLDpart",0.536244441386494
"484","PDOlarv","MLDlarv",0.422871275854195
"485","PDOlarv","MLDpjuv",0.149901163261703
"486","PDOlarv","CSTlarv",0.0435403834624127
"487","PDOlarv","CSTpjuv",0.0508220861805331
"488","PDOlarv","LSTlarv",0.26002508886507
"489","PDOlarv","LSTpjuv",-0.136552916127184
"490","PDOlarv","HCIlarv",-0.90800428210302
"491","PDOlarv","HCIpjuv",-0.561005772720874
"492","PDOlarv","ONIpre",0.702171775375501
"493","PDOlarv","ONIlarv",0.714252835533561
"494","PDOlarv","ONIpjuv",0.365739183813063
"495","PDOlarv","PDOlarv",1
"496","PDOlarv","PDOpjuv",0.73631954188872
"497","PDOlarv","CutiSTI",0.48135847762438
"498","PDOlarv","CutiTUMI",0.0107815595260755
"499","PDOlarv","BeutiTUMI",-0.53892061527495
"500","PDOlarv","BeutiSTI",0.414548274606226
"501","PDOpjuv","DDpre",0.424840920610403
"502","PDOpjuv","DDegg",0.24046351482148
"503","PDOpjuv","DDlarv",0.651590358572734
"504","PDOpjuv","DDpjuv",0.726409147040757
"505","PDOpjuv","DDben",0.577522967569396
"506","PDOpjuv","Tcop",0.515579605993412
"507","PDOpjuv","Tpart",0.655131681622728
"508","PDOpjuv","MLDpart",0.101473326681362
"509","PDOpjuv","MLDlarv",-0.0278546381407484
"510","PDOpjuv","MLDpjuv",-0.0774369881591652
"511","PDOpjuv","CSTlarv",0.102260885313117
"512","PDOpjuv","CSTpjuv",0.0542124169213964
"513","PDOpjuv","LSTlarv",0.038931317658984
"514","PDOpjuv","LSTpjuv",0.0164603661744146
"515","PDOpjuv","HCIlarv",-0.720036726613881
"516","PDOpjuv","HCIpjuv",-0.72578534474376
"517","PDOpjuv","ONIpre",0.537033154744345
"518","PDOpjuv","ONIlarv",0.550466049188566
"519","PDOpjuv","ONIpjuv",0.643037511089817
"520","PDOpjuv","PDOlarv",0.73631954188872
"521","PDOpjuv","PDOpjuv",1
"522","PDOpjuv","CutiSTI",0.525009657935207
"523","PDOpjuv","CutiTUMI",-0.201829797175373
"524","PDOpjuv","BeutiTUMI",-0.625952892712043
"525","PDOpjuv","BeutiSTI",0.414615541566141
"526","CutiSTI","DDpre",0.226239276433523
"527","CutiSTI","DDegg",0.126458212589915
"528","CutiSTI","DDlarv",0.3899293095457
"529","CutiSTI","DDpjuv",0.4588190961951
"530","CutiSTI","DDben",0.236842939035374
"531","CutiSTI","Tcop",0.0971440482127168
"532","CutiSTI","Tpart",0.409281699601285
"533","CutiSTI","MLDpart",0.117460210443574
"534","CutiSTI","MLDlarv",0.119862963499733
"535","CutiSTI","MLDpjuv",0.396920299717226
"536","CutiSTI","CSTlarv",0.14610534083398
"537","CutiSTI","CSTpjuv",0.138578064050073
"538","CutiSTI","LSTlarv",0.365269065984264
"539","CutiSTI","LSTpjuv",-0.15571376320581
"540","CutiSTI","HCIlarv",-0.468737591952393
"541","CutiSTI","HCIpjuv",-0.354124793633024
"542","CutiSTI","ONIpre",0.125412808720624
"543","CutiSTI","ONIlarv",0.167278787868743
"544","CutiSTI","ONIpjuv",0.183766949821597
"545","CutiSTI","PDOlarv",0.48135847762438
"546","CutiSTI","PDOpjuv",0.525009657935207
"547","CutiSTI","CutiSTI",1
"548","CutiSTI","CutiTUMI",-0.216131303832816
"549","CutiSTI","BeutiTUMI",-0.547945962673202
"550","CutiSTI","BeutiSTI",0.93723243017994
"551","CutiTUMI","DDpre",0.0580203424501789
"552","CutiTUMI","DDegg",0.12783227596769
"553","CutiTUMI","DDlarv",-0.0574671066245579
"554","CutiTUMI","DDpjuv",-0.201134804602958
"555","CutiTUMI","DDben",-0.324168603376636
"556","CutiTUMI","Tcop",-0.454078708707888
"557","CutiTUMI","Tpart",0.0227373416709741
"558","CutiTUMI","MLDpart",0.0643154469787174
"559","CutiTUMI","MLDlarv",0.012324672875353
"560","CutiTUMI","MLDpjuv",0.103096337397871
"561","CutiTUMI","CSTlarv",-0.18634527870663
"562","CutiTUMI","CSTpjuv",-0.290524860906725
"563","CutiTUMI","LSTlarv",-0.0749149484935235
"564","CutiTUMI","LSTpjuv",0.0656407196247778
"565","CutiTUMI","HCIlarv",0.0659289229462124
"566","CutiTUMI","HCIpjuv",0.150641980148266
"567","CutiTUMI","ONIpre",-0.0481505592848666
"568","CutiTUMI","ONIlarv",-0.0818233802550078
"569","CutiTUMI","ONIpjuv",-0.0348952174743801
"570","CutiTUMI","PDOlarv",0.0107815595260755
"571","CutiTUMI","PDOpjuv",-0.201829797175373
"572","CutiTUMI","CutiSTI",-0.216131303832816
"573","CutiTUMI","CutiTUMI",1
"574","CutiTUMI","BeutiTUMI",0.462386221330995
"575","CutiTUMI","BeutiSTI",-0.156851294086356
"576","BeutiTUMI","DDpre",-0.220563718872761
"577","BeutiTUMI","DDegg",-0.0359296176767864
"578","BeutiTUMI","DDlarv",-0.47069722845083
"579","BeutiTUMI","DDpjuv",-0.611001144012786
"580","BeutiTUMI","DDben",-0.22592985489974
"581","BeutiTUMI","Tcop",-0.340858868548576
"582","BeutiTUMI","Tpart",-0.463493952199022
"583","BeutiTUMI","MLDpart",-0.280122671390451
"584","BeutiTUMI","MLDlarv",-0.223401697838096
"585","BeutiTUMI","MLDpjuv",-0.0217246162685196
"586","BeutiTUMI","CSTlarv",-0.29340350627604
"587","BeutiTUMI","CSTpjuv",-0.452842675783862
"588","BeutiTUMI","LSTlarv",-0.212488728678171
"589","BeutiTUMI","LSTpjuv",0.221364882132252
"590","BeutiTUMI","HCIlarv",0.54722937399742
"591","BeutiTUMI","HCIpjuv",0.618021221255518
"592","BeutiTUMI","ONIpre",-0.340969128032685
"593","BeutiTUMI","ONIlarv",-0.331752519211666
"594","BeutiTUMI","ONIpjuv",-0.20481976389997
"595","BeutiTUMI","PDOlarv",-0.53892061527495
"596","BeutiTUMI","PDOpjuv",-0.625952892712043
"597","BeutiTUMI","CutiSTI",-0.547945962673202
"598","BeutiTUMI","CutiTUMI",0.462386221330995
"599","BeutiTUMI","BeutiTUMI",1
"600","BeutiTUMI","BeutiSTI",-0.425697123667435
"601","BeutiSTI","DDpre",0.201413385128733
"602","BeutiSTI","DDegg",0.147693874199526
"603","BeutiSTI","DDlarv",0.30944665798199
"604","BeutiSTI","DDpjuv",0.346438448419543
"605","BeutiSTI","DDben",0.170746667528862
"606","BeutiSTI","Tcop",0.00747095993793224
"607","BeutiSTI","Tpart",0.355734796555805
"608","BeutiSTI","MLDpart",0.171059277253794
"609","BeutiSTI","MLDlarv",0.172321680214457
"610","BeutiSTI","MLDpjuv",0.338646887029832
"611","BeutiSTI","CSTlarv",0.10445161287949
"612","BeutiSTI","CSTpjuv",0.0828249207841948
"613","BeutiSTI","LSTlarv",0.381504201198017
"614","BeutiSTI","LSTpjuv",-0.162231556526319
"615","BeutiSTI","HCIlarv",-0.399634528780672
"616","BeutiSTI","HCIpjuv",-0.265571131069519
"617","BeutiSTI","ONIpre",0.0713681039560417
"618","BeutiSTI","ONIlarv",0.112781377850514
"619","BeutiSTI","ONIpjuv",0.0764747791963221
"620","BeutiSTI","PDOlarv",0.414548274606226
"621","BeutiSTI","PDOpjuv",0.414615541566141
"622","BeutiSTI","CutiSTI",0.93723243017994
"623","BeutiSTI","CutiTUMI",-0.156851294086356
"624","BeutiSTI","BeutiTUMI",-0.425697123667435
"625","BeutiSTI","BeutiSTI",1
